title,link,current_price,old_price,discount,rating,rating_num,shipping,Best Seller Ranking,Series,AI Features,Operating System,Processor Name,Screen Size,Resolution,Refresh Rate,SSD,Memory,Memory Slot (Total),WiFi Generation,Bluetooth,USB,HDMI,Other port,Backlit Keyboard,Battery,First Listed on Newegg,Brand,Model,Part Number,Color,CPU Type,Number of Cores,CPU L2 Cache,CPU L3 Cache,Touchscreen,Wide Screen Support,Display Type,Panel,GPU/VPU,Video Memory,Graphic Type,Storage Spec,Memory Speed,Memory Spec,Memory Slot (Available),WLAN,Ethernet,Audio Ports,Speaker,Touchpad,Webcam,Style,Type,Usage,AC Adapter/Charger,Dimensions (W x D x H),Weight,Package Content,Neural Processing Unit (NPU),Display Features,Optical Drive Type,Thunderbolt,Audio,Card Reader,Battery Life,LAN,Keyboard,Cosmetic Condition,HDD,Core Name,Video Port,Turbo Frequency,Smart Cache,Max Memory Supported,Other Features,Release Year,CPU,Screen,Storage,Consumer Alert,Docking Connector,Software Included,Graphics Card,Communication,Other Input Devices,Virtual Reality Ready
"ASUS Vivobook V16 Gaming Laptop 16.0"" LCD WUXGA Display (Intel Core 7 240H, 32GB DDR5, 1TB PCIe SSD, NVIDIA GeForce RTX 5070, Backlit KB, WiFi 6, Webcam, Win 11 Pro) w/Dockztorm Wireless Mouse",https://www.newegg.com/asus-vivobook-16-0-no-geforce-rtx-5070-32gb-memory-1-tb-ssd-black/p/1TS-001A-0BRM5,"$1,974.24",,,,,Free Shipping,,VivoBook,,Windows 11 Pro,,"16.0""",1920x1200,,1 TB,32GB,,,Bluetooth 5.3,,1 x HDMI,,Backlit,,"June 10, 2026",ASUS,,,Black,Intel Core 7 Processors (Series 2),,,24MB Cache,No,,,,GeForce RTX 5070,,Dedicated Card,1TB PCIe SSD,DDR5,,,802.11ax  Wireless LAN,,1 x Headphone/Microphone Combo Jack,,,Yes,Standard,Gaming,,,,,,,,No,,,No,,,Standard,,No,,,5.2 GHz,,,,,,,,,,,,,,
"HP OmniBook 5 AI Powered Laptop 16.0"" Touchscreen IPS WUXGA Display (AMD Ryzen AI 7 350, 32GB LPDDR5X, 1TB SSD, AMD Radeon 860M, Backlit KB, WiFi 6, Webcam, Bluetooth 5.3, Win 11 Home)",https://www.newegg.com/hp-omnibook-5-16-0-yes-amd-radeon-860m-32gb-memory-1-tb-ssd-silver/p/1TS-000D-1PVK3,"$1,099.99",,,,,,,OmniBook 5,,Windows 11 Home,,"16.0""",1920x1200,,1TB,32GB,,,Bluetooth 5.3,,1 x HDMI,,Backlit,,"May 30, 2025",HP,,,Silver,Ryzen AI 7 350,,,16MB Cache,Yes,,,,AMD Radeon 860M,,Integrated Card,1TB PCIe SSD,LPDDR5X,,,802.11ax Wireless LAN,,1 x Headphone/Microphone Combo Jack,,,Yes,Standard,Gaming,,,,,,,,No,,,No,,,Standard,,No,,,5 GHz,,,,,,,,,,,,,,
"Refurbished Lenovo ThinkPad L15 Gen 3 Laptop AMD Ryzen 5 Pro 5675U 32GB RAM 512 GB SSD 15.5"" FHD Windows 11 Pro",https://www.newegg.com/lenovo-15-5-fhd-non-touch-screen-integrated-graphics-32gb-memory-512-gb-nvme-ssd-black/p/1TS-000E-1E4W8,$600.27,,,3.0,1.0,Free Shipping,#62 in All Laptop,,AI Ready,Windows 11 Pro,,"15.5""",1920 x 1080,60 Hz,512 GB NVMe,32GB,,Wi-Fi 6,Bluetooth 5.0,3 x USB 3.0,1 x HDMI,with USB PD,,Lithium Ion,"May 05, 2026",Lenovo,,,Black,AMD Ryzen 5,,,,Non-Touch Screen,Yes,FHD,,Integrated Graphics,,Integrated Card,,,,,802.11ac Wireless LAN,Intergrated 100/1000M,1 x Headphone/Microphone Combo Jack,Integrated Stereo Speakers,Yes,Yes,,Everyday Value,Everyday Value,,,,"1 x Unit, 1 x Power Adapter",,,,1 x Thunderbolt 4,Integrated Sound card,,Up to 5 Hours,10/100/1000Mbps,Standard,,,,1 x HDMI,,,,,,,,,,,,,,,
"Refurbished Apple MacBook Air Laptop Core i5 1.4GHz 4GB RAM 128GB SSD 11"" Silver MD711LL/B (2014) - Good Condition",https://www.newegg.com/apple-11-6-4gb-memory-128-gb-ssd-silver/p/2SN-0001-038V4,$123.97,,,,,Free Shipping,,,,MacOS,,"11.6""",,,128GB,4GB,,,Yes,,,,Backlit,,"May 28, 2025",Apple,MacBook Air,MD711LL/B,Silver,Intel Core i5,,,,,,,,,,,,,,,,,,,,,,Everyday Value,,,,,,,,,,,,Up to 12 Hours,,Standard,Grade C (Fair),,,,,,,,,,,,,,,,,,
"Refurbished Grade B DELL LATITUDE 7420 13.9"" FHD INTEL 11TH GEN CORE I5-1145G7 2.60 GHZ - 16GB RAM, 256GB SSD - Webcam, Bluetooth - Windows 11 Pro",https://www.newegg.com/dell-13-9-fhd-non-touch-screen-integrated-graphics-16gb-memory-256-gb-nvme-ssd-black/p/1TS-000A-15EJ6,$259.00,,,,,,,,,,,,,,,,,,,,,,,,,,,,,,,,,,,,,,,,,,,,,,,,,,,,,,,,,,,,,,,,,,,,,,,,,,,,,,,,,,,,
"Microsoft Surface Pro Copilot+ PC Bundle - 13"" OLED PixelSense Flow (2880x1920) Touchscreen laptop, Qualcomm Snapdragon X Elite (12 core), 16GB DDR5 RAM - 1TB SSD, Windows 11 Home - Graphite",https://www.newegg.com/microsoft-surface-pro-11th-edition-13-0-pixelsense-touch-screen-qualcomm-snapdragon-x-elite-x1e-78-100-qualcomm-adreno-x1-85-16gb-ddr5-memory-1tb-ssd-graphite/p/1TS-0025-00FV2,"$1,434.49",,,,,Free Shipping,#74 in All Laptop,Surface Pro 11th Edition,Copilot+ PC,Windows 11 Home,Qualcomm Snapdragon X Elite X1E-78-100,"13.0""",2880 x 1920,120 Hz,1TB,16GB DDR5,,Wi-Fi 7,Bluetooth 5.4,,,,,,"June 27, 2026",Microsoft,Surface Pro,,Graphite,Qualcomm Snapdragon X,,,,Touch Screen,Yes,PixelSense,OLED,Qualcomm Adreno X1-85,,Integrated Card,,,,,,,,,,,Convertible,Everyday Value,Everyday Value,,,,,,,,,,,,,,,No,,,,,,,,,,,,,,,,,
"Lenovo ThinkPad T14 Business Laptop 14.0"" Touchscreen IPS WUXGA Display (Intel Ultra 7-255U, 32GB DDR5, 512GB PCIe SSD, Intel Graphics, Backlit KB, Fingerprint, 2 Thunderbolt 4, WiFi 6E, Win 11 Pro)",https://www.newegg.com/lenovo-thinkpad-14-0-yes-intel-graphics-32gb-memory-512-gb-ssd-black/p/1TS-000E-1DWA6,"$1,499.99",,,,,Free Shipping,#72 in All Laptop,ThinkPad,,Windows 11 Pro,,"14.0""",1920x1200,,512 GB,32GB,,,Bluetooth 5.4,,1 x HDMI,,Backlit,,"January 15, 2026",Lenovo,,,Black,Intel Core Ultra 7,,,12MB Cache,Yes,,,,Intel Graphics,,Integrated Card,512GB PCIe SSD,DDR5,,,802.11ax  Wireless LAN,,1 x Headphone/Microphone Combo Jack,,,Yes,Standard,Work / Business,,,,,,,,No,,,No,,,Standard,,No,,,5.2 GHz,,,,,,,,,,,,,,
"Refurbished Dell Latitude 7430 - 14 Inch FHD (1920x1080) Touchscreen Laptop, Intel Core i7-1265U Processor, 16GB RAM - 256GB SSD, Intel Iris Integrated Graphics, Backlit Keyboard, Windows 11 Pro",https://www.newegg.com/dell-latitude-14-0-fhd-touch-screen-intel-core-i7-1265u-integrated-graphics-16gb-memory-256gb-ssd/p/1TS-000A-15K20,$387.99,$399.99,,,,Free Shipping,,Latitude,,Windows 11 Home,Intel Core i7-1265U,"14.0""",1920 x 1080,,256GB,16GB,,,,,,,Backlit,,"May 04, 2026",DELL,Latitude 7430,,,Intel Core i7 12th Gen,,,,Touch Screen,,FHD,IPS,Integrated Graphics,,Integrated Card,,,,,,,,,,Yes,,Home / Personal,Everyday Value,,,,,,,No,,,,,,,,No,,,,,,,,,,,,,,,,,
"Lenovo IdeaPad Pro 5i 16"" TouchScreen Laptop - Intel Core Ultra 9 386H Processor - NVIDIA GeForce RTX 5050 - 32GB RAM - 1TB SSD - Windows 11 Home",https://www.newegg.com/lenovo-ideapad-16-0-touch-screen-geforce-rtx-5050-laptop-gpu-32gb-memory-1tb-ssd/p/1TS-000E-1E8A6,"$2,797.00",,,,,Free Shipping,,IdeaPad,,Windows 11 Home,,"16.0""",2880 x 1800,,1TB,32GB,,Wi-Fi 7,Bluetooth 5.4,,,,,,"May 17, 2026",Lenovo,,,,,16-core (4P+8E+4LPE) Processor,,,Touch Screen,,,OLED,GeForce RTX 5050 Laptop GPU,,Dedicated Card,"One drive, up to 1TB M.2 2242 SSD",,32 GB x 1,,802.11be Wireless LAN,,,,,1080p FHD,,,,,,,,,,,,,,,,,,,,,,,,,,,,,,,,,,,
"Dell 16 Plus Business 16"" FHD+ Touchscreen AMD Ryzen AI 7 350 (Beat Ultra 7 255HX) AMD Radeon Graphics 32GB DDR5 RAM 2TB SSD Wi-Fi 6E BT 5.3 HDMI Backlit KB FP Reader Copilot+ Windows 11 Pro Silver",https://www.newegg.com/dell-16-0-fhd-touch-screen-amd-ryzen-ai-7-350-amd-radeon-graphics-32gb-memory-2-tb-ssd-silver/p/1TS-000A-15HK2,"$1,299.00",,,,,Free Shipping,,,Copilot+ PC,Windows 11 Pro,AMD Ryzen AI 7 350,"16.0""",1920 x 1200,,2 TB,32GB,,Wi-Fi 6E,Bluetooth 5.3,1 x USB 3.2 Gen 2 Type-C,1 x HDMI 1.4,1x Headphone/Microphone combo jack (3.5mm),Backlit,4-cell Lithium Polymer,"April 22, 2026",DELL,,,Silver,AMD Ryzen AI 300 Series,8-core Processor,8MB,16 MB,Touch Screen,,FHD+,IPS,AMD Radeon Graphics,,Integrated Card,,DDR5 5600,,,802.11ax  Wireless LAN,,1 x Headphone/Microphone Combo Jack,Integrated Stereo Speakers,,Yes,Ultrabook,Work / Business,Business,,,4 - 4.9 lbs.,,,,,,1x Headphone/Microphone combo jack (3.5mm),,,10/100/1000Mbps,Full size with Keyboard light,,No,,1 x HDMI,,,,Fingerprint reader,,,,,,,,,,,
"Dell Inspiron 3511 15.6"" Full HD 1920 x 1080, 10th Gen Intel Core i5-1035G7 Quad Core Processor, 32GB DDR4 RAM, 512GB SSD, Intel UHD Graphics, Wifi-AC, Bluetooth,HDMI,USB, Windows 11 Pro",https://www.newegg.com/dell-inspiron-15-6-full-hd-wva-display-1920-x-1080-non-touch-screen-intel-core-i5-1035g7-intel-uhd-graphics-32gb-memory-512-gb-ssd-black/p/1TS-000A-0MTD6,$829.79,,,,,Free Shipping,,,,,,,,,,,,,,,,,,,,,,,,,,,,,,,,,,,,,,,,,,,,,,,,,,,,,,,,,,,,,,,,,,,,,,,,,,,,,,,
"Refurbished ASUS Zenbook S 16 16 3K OLED Touchscreen AMD Ryzen AI 9 365 2.0 GHz up to 5.0 GHz 24GB 1TB SSD AMD Radeon 880M Graphics Windows 11 Home, White - UM5606WA",https://www.newegg.com/asus-16-0-yes-amd-radeon-880m-24gb-memory-1-tb-ssd-white/p/1TS-001A-0BPM9,"$1,116.00","$1,149.99",,,,Free Shipping,,,,,,,,,,,,,,,,,,,,,,,,,,,,,,,,,,,,,,,,,,,,,,,,,,,,,,,,,,,,,,,,,,,,,,,,,,,,,,,
"Refurbished HP Chromebook Plus x360 14b-cd0023dx 14"" FHD Touch Intel Core i3-N305 up to 3.8 GHz 8GB RAM 256GB UFS Intel UHD Graphics ChromeOS Laptop - A4HB3UA",https://www.newegg.com/hp-14-0-yes-intel-uhd-graphics-8gb-memory-256-gb-ssd/p/1TS-000D-1PCJ7,$239.99,,,,,Free Shipping,#43 in All Laptop,,,Chrome OS,,"14.0""",1920 x 1080,,256 GB,8GB,,,Bluetooth 5.3,"2 x USB Type-C 5Gbps signaling rate (USB Power Delivery,DisplayPort 1.4)1 x USB Type-A 5Gbps signaling rate",,,,"2-cell, 47 Wh Li-ion","March 10, 2026",HP,Chromebook Plus x360 14b-cd0023dx,A4HB3UA-R,,Intel Core i3,8-core Processor,,,Yes,,,,Intel UHD Graphics,Shared system memory,Integrated Graphics,,,8,,802.11ax Wireless LAN,No,1 x Headphone/microphone combo,HD Audio with stereo speakers,Multi Touch,HP True Vision 1080p FHD camera,,Mainstream,,,,3.03,,,,No,,,,,No,"Full-size, backlit, soft grey keyboard",,No,Intel Core i3-N305,,,,,,,,,,,,,,,,
"Refurbished Dell Latitude 7420 i7-1185G7 16GB RAM 512GB NVMe 14"" FHD Screen 1920x1080 Backlit Keyboard, Bluetooth, WIFI Win 11 Pro",https://www.newegg.com/dell-14-0/p/1TS-000A-13ED8,$349.00,,,,,Free Shipping,,,,,,"14.0""",,,,,,,,,,,,,"October 28, 2024",DELL,,,,Intel Corei7-1185G7,,,,,,,,,,,,,,,,,,,,,,Mainstream,,,,3 - 3.9 lbs.,,,,,,,,,,,,,,,,,,,,,,,,,,,,,
"Refurbished MSI Summit E13 Flip Evo Laptop Intel Core i7-1360P 16GB Memory 1 TB PCIe SSD Intel Iris Xe Graphics 13.4"" Touchscreen Windows 11 Home A13MT-243US",https://www.newegg.com/msi-13-4-touch-screen-intel-core-i7-1360p-intel-iris-xe-graphics-16gb-memory-1-tb-pcie-ssd-ink-black/p/N82E16834156677,$659.99,$999.99,34%,5.0,1.0,Free Shipping,,,,,,,,,,,,,,,,,,,,,,,,,,,,,,,,,,,,,,,,,,,,,,,,,,,,,,,,,,,,,,,,,,,,,,,,,,,,,,,
"Dell Latitude 5510 Notebook, 15.6"" FHD Display, Intel Core i5-10210U Upto 4.2GHz, 16GB RAM, 500GB PCIe-NVMe, HDMI, DisplayPort via USB-C, Card Reader, Wi-Fi, Bluetooth, Windows 10 Pro",https://www.newegg.com/dell-latitude-15-6-fhd-non-touch-screen-1-60ghz-intel-uhd-graphics-16gb-memory-500-gb-ssd-dark-gray/p/1TS-000A-0MZB3,"$1,299.99",,,,,Free Shipping,,Latitude,,Windows 10 Pro,1.60GHz,"15.6""",1920 x 1080,,500GB,16GB,,Wi-Fi 6,Bluetooth 5.0,"1x USB-C 3.2 Gen 2, 3x USB 3.1 Gen 1",,,,4-cell Lithium Ion,"March 24, 2022",DELL,5510,5510,Dark Gray,Intel Core i5 10th Gen,,,,Non-Touch Screen,,FHD,,Intel UHD Graphics,,,500GB PCIe SSD,DDR4,,,Wi-Fi 6,1 x RJ-45,1 x Headphone/Microphone Combo Jack,Integrated Stereo Speakers,Yes,Yes,,Work / Business,,65-watt AC Adapter,,,,,,No,,Integrated Sound card,3-in-1,,10/100/1000Mbps,Standard,,No,,"1x HDMI, 1x DisplayPort via USB-C",,,,,,,,,,,,,,Yes,
"HP OmniBook 5 Laptop Computer 14"" 2K Snapdragon X 16 GB memory;512 GB SSD",https://www.newegg.com/hp-14-0-qualcomm-snapdragon-x-x1-26-100-qualcomm-adreno-16gb-memory-512-gb-pcie-ssd/p/2NR-000A-01PK8,"$1,149.99",,,,,Free Shipping,#95 in All Laptop,,,,,,,,,,,,,,,,,,"August 25, 2025",,,,,,,,,,,,,,,,,,,,,,,,,,,,,,,,,,,,,,,,,,,,,,,,,,,,,,,,,,,,
Refurbished Dell Latitude 7430 - 14 Inch FHD (1920x1080) Non-Touchscreen Laptop | Intel Core i5-1245U | 16 GB RAM - 512 GB SSD | Intel Iris Integrated Graphics | Backlit Keyboard | Windows 11 Pro,https://www.newegg.com/dell-latitude-14-0-fhd-non-touch-screen-intel-core-i5-1245u-integrated-graphics-160gb-ddr4-memory-512gb-ssd/p/1TS-000A-15G98,$349.99,,,,,Free Shipping,,,,,,,,,,,,,,,,,,,,,,,,,,,,,,,,,,,,,,,,,,,,,,,,,,,,,,,,,,,,,,,,,,,,,,,,,,,,,,,
"Lenovo - IdeaPad Slim 3 15.6"" Full HD Touchscreen Laptop - AMD Ryzen 7 5825U - 16GB Memory - 512GB SSD - Arctic Grey",https://www.newegg.com/lenovo-ideapad-15-6-touch-screen-16gb-memory-512-gb-ssd-arctic-grey/p/1TS-000E-1DK92,$629.99,,,,,,,IdeaPad,,,,"15.6""",1920 x 1080,,512GB,16GB,,,,,1 x HDMI 1.4,,Non-backlit,Lithium Polymer,"December 24, 2025",Lenovo,,,Arctic Grey,,,,,Touch Screen,,,IPS,,,Integrated Card,,,16 GB x 1,,,,,,,,,,,,,,,,In-plane Switching (IPS) Technology,,,,,Up to 10 Hours,,,,,,1 x HDMI,,,,,,,,,,,,,,,
"MSI Venture Pro A15 AI+ 15.6"" TouchScreen Copilot+ PC Laptop - AMD Ryzen AI 7 350 - Nvidia GeForce RTX 5050 - 16GB RAM - 1TB SSD (A3HWETG-083US)",https://www.newegg.com/msi/p/N82E16834156851,"$1,339.00","$1,349.00",,4.5,10.0,Free Shipping,,,Copilot+ PC,Windows 11 Home,AMD Ryzen AI 7 350,"15.6""",1920 x 1080,60 Hz,1TB NVMe,16GB DDR5,2,Wi-Fi 6E,Bluetooth 5.2,1 x USB 3.2 Gen 2 Type-C / 2 x USB 3.2 Gen 1,1 x HDMI 2.1,,,4 cell (55Whr) Li-Polymer,"October 24, 2025",MSI,VenturePro A15 AI+ A3HWETG-083US,,Solid Gray,AMD Ryzen AI 300 Series,8-core Processor,8MB,16 MB,Touch Screen,Yes,,,GeForce RTX 5050 Laptop GPU,8GB GDDR7,Dedicated Card,,,2x 8GB DDR5,0.0,802.11ax Wireless LAN,1 x RJ-45 (1Gbps),1 x Headphone/Microphone Combo Jack,"2 x 2W Speakers, DTS Audio Processing, Noise Cancellation Pro, Spatial Array Microphone (3 Mic), Hi-Res Audio",Touchpad w/ Fingerprint support Windows Hello FIDO2,720p HD Webcam,Thin and Light,Gaming,Consumer,90-watt AC Adapter,"14.15"" x 9.66"" x 0.91""",6.17 lbs.,,,45% NTSC Finger,No,,,,,10/100/1000Mbps,White backlight keyboard (99 Key),,,,,,,64 GB,,,,,,,,,,,,
"Microsoft Surface Laptop 7 13.8"" Touchscreen Clamshell Notebook - Qualcomm Snapdragon X Elite X1E-80-100 - 16 GB - 512 GB SSD - Platinum - Windows 11 Pro- English Keyboard ZGZ-00001",https://www.newegg.com/microsoft-surface-laptop-7-13-8-touch-screen-qualcomm-snapdragon-x-elite-16gb-memory-512-gb-ssd-platinum/p/N82E16834820063,"$1,319.00",,,,,Free Shipping,,,,,,,,,,,,,,,,,,,,,,,,,,,,,,,,,,,,,,,,,,,,,,,,,,,,,,,,,,,,,,,,,,,,,,,,,,,,,,,
"HP OmniBook 5 16-fb0037nr Laptop - 16"" 2K OLED touchscreen - Snapdragon X Plus Processor - AI Assistant - 32GB RAM,512 GB SSD - Win 11 Pro",https://www.newegg.com/hp-16-0-qualcomm-snapdragon-x-plus-x1p-42-100-qualcomm-adreno-gpu-32gb-ddr5-memory-512gb-ssd/p/1TS-000D-1SUB3,$879.99,,,,,Free Shipping,,,AI Ready,Windows 11 Pro,Qualcomm Snapdragon X Plus X1P-42-100,"16.0""",1920 x 1200,,512GB,32GB DDR5,,Wi-Fi 6E,Bluetooth 5.3,,,,,3-cell Lithium Ion,"April 30, 2026",,,,,Qualcomm Snapdragon X,,,,,,,,Qualcomm Adreno GPU,,,,,,,,,,,,,,Work / Business,,65-watt AC Adapter,,,,,,,,,,,,,,,,,,,,,,,,,,,,,,,
"NIAKUN 2026 15.6"" FHD Gaming Laptop: AMD Ryzen 7 6800H 45W TDP, 32GB RAM, 1TB NVMe SSD, Win 11 Pro, Keyboard, 6 Ports, Lightweight 3.5lb for Gaming, Students, Programming, Video Editing",https://www.newegg.com/niakun-15-6-inches-amd-ryzen-7-6800h-lcd-32gb-memory-1tb-ssd/p/2WC-007P-00009,$799.99,$899.99,11%,,,Free Shipping,#36 in All Laptop,,,Windows 11 Pro,AMD Ryzen 7 6800H,15.6 inches,1080p,,1TB,32GB,,802_11_AC,,,1,,Backlit,1,"May 14, 2026",SAGAWHALE,6800H-15.6IN-YS-32GB+1TB,,Silver,amd_ryzen_7,1,,,,,LCD,,,32 GB,Integrated,,,,,802_11_AC,,,,,,Ryzen 7,,,,17 in x 13 in x 3.5 in,3.5 lb,Laptop,,,,,,,,,touch_pad,,,,,4.7 GHz,,,,2026.0,AMD Ryzen 7 6800H,15.6 inches,SSD,,,,,,,
"Dell Inspiron 3000 Home & Business Laptop Notebook ,15.6"" FHD Touch Display,AMD Ryzen 7 7730U (Beat I5-1235U),16GB RAM,512GB SSD, Wi-Fi, Lifetime Microsoft Office, Windows 11 Home/XTREDURA FLASH Drive",https://www.newegg.com/dell-3000-15-0-fhd-touch-screen-amd-ryzen-7-7730u-16gb-memory-512-gb-ssd-black/p/1TS-000A-14WC3,$746.79,,,,,Free Shipping,,,,,,,,,,,,,,,,,,,,,,,,,,,,,,,,,,,,,,,,,,,,,,,,,,,,,,,,,,,,,,,,,,,,,,,,,,,,,,,
"Lenovo Ideapad 1i 15.6"" FHD Touchscreen Business&Home Laptop, 13th Intel Core i5-1334U Upto 4.6GHz, 24GB RAM, 1TB PCle SSD, Windows 11 Pro, Lifetime Microsoft Office License, Blue",https://www.newegg.com/lenovo-ideapad-15-0-fhd-touch-screen-24gb-memory-1-tb-ssd-blue/p/1TS-000E-1D8N5,$799.79,,,,,Free Shipping,,,,,,,,,,,,,,,,,,,,,,,,,,,,,,,,,,,,,,,,,,,,,,,,,,,,,,,,,,,,,,,,,,,,,,,,,,,,,,,
"Lenovo ThinkPad P14s Gen 7 AMD Laptop, 14"" IPS  Low Power, Ryzen AI 7 PRO 450, 32GB, 1TB SSD",https://www.newegg.com/lenovo-14-gb-memory-1-tb-ssd-black/p/1TS-000E-1ECP5,"$2,049.00","$2,639.00",22%,,,Free Shipping,,,,,,"14""",,Hz,1 TB,GB,,,,,,,No,3-cell Lithium Ion,"July 13, 2026",Lenovo,21X00004US,21X00004US,Black,AMD Ryzen A,Single-core Processor,,,No,,,,,,Integrated Card,,,,,,,,,,,,,,,,1.00 lbs,,,,,,,,,,,,No,,,,,,,,,,,,,,,,,
"Refurbished Dell Latitude 5430 - 14 inch , FHD (1920x1080)  Non-Touchscreen Laptop, Intel Core i7-1265U, 32GB RAM, 512GB SSD, Intel Integrated Graphics, Backlit Keyboard, Windows 11 Pro - Grey",https://www.newegg.com/dell-latitude-14-0-fhd-non-touch-screen-intel-core-i7-1265u-32gb-memory-512-gb-ssd/p/1TS-000A-154X3,$449.99,,,,,Free Shipping,,Latitude,,Windows 11 Pro,Intel Core i7-1265U,"14.0""",1920 x 1080,,512GB,32GB,,Wi-Fi 6,Bluetooth 5.4,,,,Backlit,,"November 29, 2025",DELL,5430,,Gray,Intel Core i7 12th Gen,,,,Non-Touch Screen,,FHD,,Integrated Graphics,,Integrated Card,,,,,,,,,,Yes,Standard,Work / Business,Everyday Value,,,,,,,No,,,,,,,,No,,,,,,,,,,,,,,,,,
"Lenovo IdeaPad 5i 2-in-1 Laptop, 16"" IPS  Glass,Intel Core Ultra 7 255U,16GB,  Graphics, 1TB SSD,Win 11 Home",https://www.newegg.com/lenovo-16-gb-memory-1-tb-ssd/p/1TS-000E-1CZU0,$969.99,"$1,069.99",9%,,,Free Shipping,,,,,,"16""",,Hz,1 TB,GB,,,Bluetooth 5.0,,,,No,3-cell Lithium Ion,"April 09, 2026",Lenovo,83KS0012US,83KS0012US,,,Single-core Processor,,,No,,,,,,Integrated Card,,,,,,,,,,,,Mainstream,,,,1.00 lbs,,,,,,,,,,,,No,,,,,,,,,,,,,,,,,
"Refurbished Dell Latitude 5421 Laptop Intel Core i5-11500H 2.9GHz 16GB Memory 512GB NVMe 14"" FHD Windows 11 Pro 64-bit Webcam",https://www.newegg.com/dell-latitude-14-0-fhd-non-touch-screen-intel-core-i5-11500h-intel-iris-xe-graphics-16gb-memory-512gb-ssd-gray/p/N82E16834817472,$446.99,,,,,Free Shipping,,Latitude,,Windows 11 Pro 64-bit,Intel Core i5-11500H,"14.0""",1920 x 1080,,512GB NVMe,16GB,,,,2 x USB 3.2 Gen 1,1 x HDMI 2.0,,,,"March 04, 2026",DELL,5421,J5-L5421A09,Gray,Intel Core i5 11th Gen,6-core Processor,,12 MB,Non-Touch Screen,Yes,FHD,,Intel Iris Xe Graphics,Shared system memory,Integrated Card,,,,,,1 x RJ-45,1x Headphone/Microphone combo jack (3.5mm),,,Yes,Thin and Light,Work / Business,Business,,14.09'' x 9.91'' x 0.89'',3.95 lbs.,,,,No,2 x Thunderbolt 4,,microSD Card Reader,,,,Grade A (Excellent),No,Tiger Lake,,,,,,,,,,,,,,,,
"Lenovo IdeaPad Slim 5 16"" FHD+ Touchscreen Business AMD Ryzen AI 7 350 (Beat Core Ultra 7 255H) AMD Radeon 860M 32GB DDR5 RAM 1TB SSD Wi-Fi 7 BT 5.4 Backlit KB Webcam Copilot AI Windows 11 Pro Blue",https://www.newegg.com/lenovo-16-0-wuxga-touch-screen-amd-ryzen-ai-7-350-amd-radeon-860m-32gb-memory-1-tb-ssd-blue/p/1TS-000E-1E5F1,"$1,299.00",,,,,Free Shipping,,,Copilot+ PC,Windows 11 Pro,AMD Ryzen AI 7 350,"16.0""",1920 x 1200,60 Hz,1 TB,32GB,,Wi-Fi 7,Bluetooth 5.4,2 x USB 3.2 Gen 2 Type-C,1 x HDMI 2.1,1x Headphone/Microphone combo jack (3.5mm),Backlit,,"April 11, 2026",Lenovo,,,Blue,AMD Ryzen AI 300 Series,8-core Processor,8MB,16 MB,Touch Screen,,WUXGA,IPS,AMD Radeon 860M,,Integrated Card,,DDR5 5600,,,,,1 x Headphone/Microphone Combo Jack,"Stereo speakers, 2W x2, optimized with Dolby®Audio",,1080p FHD,Ultrabook,Work / Business,Business,,,4 - 4.9 lbs.,,,,,,1x Headphone/Microphone combo jack (3.5mm),microSD Card Reader,,10/100/1000Mbps,Full size with Keyboard light,,No,,1 x HDMI,,,,,,,,,,,,,,,
"Refurbished Dell Precision 7550 Mobile 15.6"" Workstation Laptop, Intel i7 10850H 2.6Ghz, 32GB DDR4, 512GB NVMe M.2, Full HD 1080p, NVIDIA Quadro T2000 4GB GDDR6, Windows 11 Pro (Grade B)",https://www.newegg.com/dell-precision-15-6-fhd-non-touch-screen-intel-core-i7-10850h-nvidia-quadro-t2000-32gb-memory-512gb-pcie-ssd-black/p/1TS-000A-15GR7,$599.99,,,,,Free Shipping,,Precision,,Windows 11 Pro,Intel Core i7-10850H,"15.6""",1920 x 1080,,512GB PCIe,32GB,,,Yes,4,1 x HDMI 2.0,,,,"April 14, 2026",DELL,7550,,Black,Intel Core i7 10th Gen,6-core Processor,12MB,12 MB,Non-Touch Screen,Yes,FHD,,NVIDIA Quadro T2000,4 GB,Dedicated Card,NVMe M.2 PCIe SSD,,,,802.11ac Wireless LAN,1 x RJ-45,1 x Headphone/Microphone Combo Jack,Internal Speakers,Yes,Yes,Standard,Mainstream,Business,,,5 - 5.9 lbs.,,,,No,2 x Thunderbolt 3,Integrated Sound card,,,,,Grade B (Good),,Comet Lake,1 x Mini DisplayPort,,,64GB,In overall Good condition - units will show signs of previous use. Upgraded to Windows 11 Pro. 90 day hardware warranty. Box includes Laptop and Charger. Stock images are used.,,,,,Grade B - Laptop will have some cosmetic blemishes that include scratches and/or other surface imperfections. Some laptops may exhibit shiny keys on the keyboard and/or shiny surfaces around the keyboard. All key characters will be legible.  The screen may have a very minor blemish that some may not notice. Grade B units will be priced lower than the Grade A equivalent and will have the same warranty as all products. Vinyl skin cover may be applied.,,Fresh install and activated Windows 11 with zero bloatware. Windows 11 will be activated via your unit's unique digital license and ready to go right out of the box.,,,,
"Lenovo ThinkPad L15 Gen 2 Home & Business Laptop (Intel i7-1165G7 4-Core, 15.6"" 60Hz Full HD (1920x1080), Intel Iris Xe, 64GB RAM, 1TB PCIe SSD, Backlit KB, Wifi, USB 3.2, HDMI, Win 11 Pro)",https://www.newegg.com/lenovo-thinkpad-l15-gen-2-15-6-non-touch-screen-2-80ghz-intel-iris-xe-graphics-64gb-memory-1-tb-ssd-black/p/1TS-000E-10SS5,"$2,099.99",,,,,Free Shipping,,ThinkPad L15 Gen 2,,Windows 11 Pro,2.80GHz,"15.6""",1920 x 1080,,1TB,64GB,,,Bluetooth 5.2,,1 x HDMI,,Backlit,,"November 05, 2022",Lenovo,,,Black,Intel Core i7 11th Gen,,,12MB Cache,Non-Touch Screen,,,,Intel Iris Xe Graphics,,Integrated Card,1TB PCIe SSD,DDR4,,,Wi-Fi 6E AX210,,1 x Headphone/Microphone Combo Jack,,,Yes,Standard,Work / Business,,,,,,,,No,,,Yes,,,Standard,,No,,,4.7 GHz,,,,,,,,,,,,,No,
"HP 17 Business and Student Laptop Computer,17.3"" FHD Laptop, Intel Core I7 13th I7-1355U Upto 5.0GHz, 32GB RAM, 1 TB PCIe SSD, Intel Iris Xe,Copilot Laptop,Windows 11 Pro, HUB",https://www.newegg.com/hp-17-3-fhd-non-touch-screen-intel-core-i7-1355u-32gb-memory-1tb-ssd-silver/p/1TS-000D-1SVN7,$999.79,,,,,Free Shipping,,,,Windows 11 Pro,Intel Core i7-1355U,"17.3""",1920 x 1080,,1TB,32GB,,,Bluetooth 5.0,,1 x HDMI,,,3-cell Lithium Ion,"May 12, 2026",HP,,,Silver,Intel Core i7 13th Gen,,,,Non-Touch Screen,,FHD,,,,,,,,,,,,Internal Speakers,Yes,Yes,Standard,Everyday Value,Consumer,,,4 - 4.9 lbs.,,,,,,,,Up to 10 Hours,,Standard,,,,,,,,,,,,,,,,,,,
"HP ProBook 4 G1q 14"" Copilot+ PC Notebook - WUXGA - Qualcomm Snapdragon X X1-26-100 - 32 GB - 1 TB SSD - English Keyboard - Pike Silver - 1920 x 1200 - Windows 11 Pro - Qualcomm Adreno - In-plane",https://www.newegg.com/hp-14-0-adreno/p/1TS-000D-1PXS1,"$1,099.00",,,,,Free Shipping,,,,Windows 11 Pro,,"14.0""",1920 x 1200,,SSD,,,,Yes,4,1 x HDMI,,Backlit,,"June 29, 2026",HP,BG6K0UT#ABA,BG6K0UT#ABA,Pike Silver,snapdragon_x,,,,No,,,LCD,Adreno,,Integrated Card,,,,,802_11_AX,,,,,Yes,,Home / Personal,,,,4.95 lb,,,,,,,,,,Backlit,,1 TB,,,,,32 GB,,,,,,,,,,,,
Refurbished DELL Latitude 14 Rugged 5424 Military Grade Notebook 14 FHD (1920 x 1080) NON TOUCH - 8th Gen Intel QUAD Core i5-8350U 8 GB DDR4 512GB SSD DVD Wi-Fi Windows 11 Pro,https://www.newegg.com/dell-rugged-14-14-0-fhd-non-touch-screen-intel-core-i5-8350u-intel-uhd-graphics-620-8gb-memory-512-gb-ssd-black/p/1TS-000A-0PEV9,$549.99,,,5.0,1.0,Free Shipping,,,,,,,,,,,,,,,,,,,,,,,,,,,,,,,,,,,,,,,,,,,,,,,,,,,,,,,,,,,,,,,,,,,,,,,,,,,,,,,
"Refurbished Dell Precision 3561 15.6"" 32GB 512GB SSD Core i7-11850H 2.5GHz WIN11P, Titan Grey",https://www.newegg.com/dell-15-6-ips-no-nvidia-t600-32gb-memory-512-gb-ssd-gray/p/1TS-000A-15718,$439.50,,,,,Free Shipping,,,,,,,,,,,,,,,,,,,,,,,,,,,,,,,,,,,,,,,,,,,,,,,,,,,,,,,,,,,,,,,,,,,,,,,,,,,,,,,
"HP Victus 15 Gaming Laptop, 15.6"" FHD IPS 144Hz, AMD Ryzen 7 7445HS 6-Core, NVIDIA GeForce RTX 4050, 64GB RAM, 2TB SSD, Backlit Keyboard, Wi-Fi 6, Windows 11 Pro",https://www.newegg.com/hp-victus-15-6-fhd-non-touch-screen-amd-ryzen-7-7445hs-nvidia-geforce-rtx-4050-64gb-memory-2tb-ssd-black/p/1TS-000D-1SUK9,"$1,907.00",,,,,Free Shipping,,,,,,,,,,,,,,,,,,,,,,,,,,,,,,,,,,,,,,,,,,,,,,,,,,,,,,,,,,,,,,,,,,,,,,,,,,,,,,,
"DELL 15.6"" Full HD Touchscreen Laptop,13th Gen Intel Core i7-1355U,16GB DDR5 RAM,256GB SSD,Lifetime Office,Windows 11 Pro/HUB",https://www.newegg.com/dell-15-6-fhd-touch-screen-intel-core-i7-1355u-16gb-ddr5-memory-256gb-ssd-black/p/1TS-000A-15RT0,$829.79,,,,,Free Shipping,,,,,,,,,,,,,,,,,,,,,,,,,,,,,,,,,,,,,,,,,,,,,,,,,,,,,,,,,,,,,,,,,,,,,,,,,,,,,,,
Acer Aspire Go 15 AI Ready Laptop - Intel Core i9-13900H - 16GB RAM - 512GB SSD - Windows 11 Home (NX.JSDAA.001),https://www.newegg.com/acer-america-aspire-go-15-15-6-fhd-non-touch-screen-intel-core-i9-13900h-intel-iris-xe-graphics-16gb-memory-512-gb-pcie-ssd-pure-silver/p/N82E16834360412,$849.99,$899.99,5%,,,Free Shipping,,,,,,,,,,,,,,,,,,,,,,,,,,,,,,,,,,,,,,,,,,,,,,,,,,,,,,,,,,,,,,,,,,,,,,,,,,,,,,,
"Refurbished Dell Precision 7520 Business Laptop, 15.6"" FHD IPS (1920x 1080) Non-Touch, Intel Core i7-6820HQ, 32GB RAM, 512GB SSD, nVidia Quadro M2200, Windows 10 Pro",https://www.newegg.com/dell-15-6-non-touch-screen-4000-32gb-memory-512-gb-ssd-black/p/1TS-000A-0Y956,$339.99,,,,,Free Shipping,,,,,,,,,,,,,,,,,,,,,,,,,,,,,,,,,,,,,,,,,,,,,,,,,,,,,,,,,,,,,,,,,,,,,,,,,,,,,,,
"Lenovo ThinkPad X1 Carbon Gen 12 Laptop, 14"" FHD+ Display, Intel Core Ultra 7 155U Upto 4.8GHz, 32GB RAM, 2TB SSD, Backlit keys, Fingerprint Reader, Windows 11 Pro (21KCS4SE00)",https://www.newegg.com/lenovo-thinkpad-14-0-full-hd-intel-uhd-graphics-32gb-memory-2-tb-ssd-black/p/1TS-000E-1DPR7,"$2,199.99",,,,,Free Shipping,,ThinkPad,,Windows 11 Pro,,"14.0""",1920 x 1200,,2TB,32GB,0,Wi-Fi 6E,Bluetooth 5.3,4,1 x HDMI,,Backlit,,"December 09, 2025",Lenovo,X1 Carbon Gen 12,21KCS4SE00,Black,Intel Core,12-core Processor,,,No,Yes,Full HD+,IPS,Intel UHD Graphics,,Integrated Card,2TB NVMe SSD,DDR5 4800,32 GB onboard,0.0,802.11ax Wireless LAN,,1 x Headphone/Microphone Combo Jack,Integrated Stereo Speakers,Yes,Yes,Thin and Light,Work / Business,,45-watt AC Adapter,8.45 x 12.31 x 0.59 in,2 - 2.9 lbs.,,,,No,1 x Thunderbolt 4,Integrated Sound card,,Up to 3 Hours,,Standard,,No,,"1 x HDMI, Thunderbolt",4.8GHz,12MB,32 GB,Fingerprint reader,,,,,,,,,,,
"HP 15.6 HD Touchscreen Business&Home  Laptop - with Microsoft Office Lifetime License,13th Generation Intel core i3-1315U 6-Core Processor 16GB RAM, 256 GB PCIe SSD Windows 11 Pro/Xtredura Flash Drive",https://www.newegg.com/hp-15-0-hd-touch-screen-intel-core-i3-1315u-16gb-memory-256-gb-ssd-silver/p/1TS-000D-1RKX3,$569.79,,,,,Free Shipping,,,,Windows 11 Pro,Intel Core i3-1315U,"15.6""",1366 x 768,,256GB,16GB,,,,,1 x HDMI,,,3-cell Lithium Ion,"September 12, 2025",HP,,,Silver,Intel Core i3 13th Gen,,,,Touch Screen,,HD,,,,,,,,,,,,Integrated Stereo Speakers,,Yes,Standard,Home / Personal,Consumer,45-watt AC Adapter,14.15 IN x 9.25 IN x 0.90 IN,3 - 3.9 lbs.,,,,,,,,Up to 8 Hours,,Standard,,,,,,,,,,,,,,,,,,,
"Refurbished Dell Latitude 5430 Laptop Intel Core i7-1255U 16GB RAM 256GB SSD 14.0"" FHD Webcam Windows 11 Pro",https://www.newegg.com/dell-latitude-14-0-fhd-non-touch-screen-intel-core-i7-1265u-gray/p/N82E16834817601,$349.00,,,1.0,1.0,Free Shipping,#56 in All Laptop,Latitude,,Windows 11 Pro,Intel Core i7-1255U,"14.0""",1920 x 1080,,256GB NVMe,16GB DDR4,,,,2 x USB 3.2 Gen 1 Type-A,1 x HDMI 2.0,"1 x Memory Card Reader, 1 x Smart Card Reader, 1 x Global Headset Jack",Backlit,,"July 02, 2026",DELL,5430,LT-DE5430/i7-G12-16-256,Gray,Intel Core i7 12th Gen,10-core (2P+8E) Processor,,12 MB,Non-Touch Screen,Yes,FHD,,Intel Iris Xe Graphics,Shared system memory,Integrated Card,,DDR4 3200,,,,1 x RJ-45,,,,Yes,Thin and Light,Mainstream / Work / Business,Business,,12.65'' x 8.35'' x 0.76'',3.01 lbs.,,,"Anti-glare, LED Backlight Narrow Border WVA Display, 300 nits",,2 x Thunderbolt 4,,,,,Backlit Keyboard,,No,Alder Lake,,,,,,,,,,,,,,,,
Refurbished Dell Latitude 7450 7M9WG 14.0-inch LCD Laptop - Core Ultra 7-165U 1.7 GHz - 32 GB LPDDR5X RAM - 512 GB Nvme Solid State Drive - Wi-fi 7 - Win 11 Pro - Titan Gray,https://www.newegg.com/dell-14-0/p/1TS-000A-14N87,$999.99,,,,,Free Shipping,,,,,,,,,,,,,,,,,,,,,,,,,,,,,,,,,,,,,,,,,,,,,,,,,,,,,,,,,,,,,,,,,,,,,,,,,,,,,,,
"Refurbished Lenovo Thinkpad T14s Gen 3 14"" Laptop, i5 1245U, 16GB DDR5, 256GB NVMe SSD, Thunderbolt 4, HDMI, Webcam, Windows 11 Pro - Black (Grade BLCD)",https://www.newegg.com/lenovo-thinkpad-14-0-wide-uxga-non-touch-screen-intel-core-i5-1245u-intel-iris-xe-graphics-16gb-ddr5-memory-256gb-pcie-ssd-black/p/1TS-000E-1E4R4,$449.99,,,,,Free Shipping,,,,,,,,,,,,,,,,,,,,,,,,,,,,,,,,,,,,,,,,,,,,,,,,,,,,,,,,,,,,,,,,,,,,,,,,,,,,,,,
"Lenovo V15 Gen 4 15.6"" Laptop AMD Ryzen 7 7730U 16GB RAM 1TB SSD Windows 11 Home (83CR003UUS)",https://www.newegg.com/lenovo-15-6-non-touch-screen-amd-ryzen-7-7730u-amd-radeon-graphics-16gb-memory-1-tb-nvme-ssd-business-black/p/N82E16834840737,$749.99,,,4.7,3.0,Free Shipping,#81 in All Laptop,,,Windows 11 Home,AMD Ryzen 7 7730U,"15.6""",1920 x 1080,,1TB NVMe,16GB DDR4,1,Wi-Fi 6,Bluetooth 5.2,1 x USB 2.0/1.1 / 1 x USB 3.2 Gen 1 Type-A / 1 x USB 3.2 Gen 1 Type-C,1 x HDMI 1.4b,,Non-backlit,38Wh,"March 19, 2026",Lenovo,V15 Gen 4,83CR003UUS,Business Black,AMD Ryzen 7 7000 Series,8-core Processor,4MB,16 MB,Non-Touch Screen,Yes,,IPS,AMD Radeon Graphics,Shared system memory,Integrated Card,1 TB SSD M.2 2242 PCIe 4.0x4 NVMe,DDR4 3200,8 GB onboard + 8 GB x 1,0.0,802.11ax Wireless LAN,1 x RJ-45,1 x Headphone/Microphone Combo Jack,"Stereo speakers, 1.5W x2, Dolby Audio","Buttonless Mylar surface multi-touch touchpad, supports Precision TouchPad (PTP), 62 x 104 mm (2.44 x 4.09 inches)",HD 720p with Privacy Shutter,Thin and Light,Work / Business,Business / Mainstream,65W USB-C (3-pin),"14.14"" x 9.28"" x 0.78""",3.64 lbs.,,,,No,,"High Definition (HD) Audio, Realtek ALC3287 codec",,,10/100/1000Mbps,"Non-backlit, English",,,,,,,16 GB,,,,,,,,,,,,
Acer Aspire 3 15.6 FHD Display | Intel Core i7-1165G7 2.8 GHz | Intel Iris Xe Graphics|WiFi |Bluebooth | Silver | 8GB RAM | 512GB SSD | Windows 11 Home | Bundle with USB 3.0 Hub,https://www.newegg.com/acer-america-15-6-led-non-touch-screen-8gb-memory-512-gb-ssd-silver/p/1TS-000X-05X25,$499.99,,,,,Free Shipping,,,,,,"15.6""",1920 x 1080,,512GB,8GB,,,,,,,Non-backlit,,"July 24, 2024",Acer,Acer Aspire,,Silver,Intel Core i7 1165G7,4-core Processor,,,Non-Touch Screen,,LED,,,,Integrated Card,,DDR4 SDRAM,,,,,,,,,Standard,Home / Personal,,,,,,,,,,,,,,,,,,,,,,,,,,,,,,,,,
"ASUS Vivobook S16 16"" OLED Laptop - Intel Core Ultra 9 285 Processor - 32GB RAM - 1TB SSD - 2880 x 1800 WQXGA+ Lumina OLED - Windows 11",https://www.newegg.com/asus-16-0-wqxga-32gb-memory-1-tb-ssd/p/1TS-001A-0BGS0,"$1,909.00",,,,,,,,,,,,,,,,,,,,,,,,,,,,,,,,,,,,,,,,,,,,,,,,,,,,,,,,,,,,,,,,,,,,,,,,,,,,,,,,,,,,
Refurbished HP pro book 650 g1 256gb ssd windows 10 pro dvdrw,https://www.newegg.com/hp-15-6-non-touch-screen-2-60ghz-intel-hd-graphics-8gb-memory-256-gb-ssd-black/p/1TS-000D-10W60,$136.27,,,,,Free Shipping,,,,,,,,,,,,,,,,,,,,,,,,,,,,,,,,,,,,,,,,,,,,,,,,,,,,,,,,,,,,,,,,,,,,,,,,,,,,,,,
"Newest 13th Generation Dell Inspiron 15 3530 Laptop, 15.6"" FHD Touchscreen, Intel Core i7-1355U, 16GB RAM, 1TB SSD, Webcam, HDMI, Wi-Fi 6, Windows 11 Home, Black",https://www.newegg.com/dell-inspiron-15-6-touch-screen-intel-core-i7-1355u-intel-iris-xe-graphics-16gb-memory-1-tb-ssd-black/p/1TS-000A-0Z9R4,$869.00,,,,,Free Shipping,#86 in All Laptop,Inspiron,,Windows 11 Home,Intel Core i7-1355U,"15.6""",1920 x 1080,,1TB,16GB,,Wi-Fi 6,,4,,,,,"October 31, 2023",DELL,15 3530,,Black,Intel Core i7 13th Gen,10-core (2P+8E) Processor,,12MB,Touch Screen,Yes,,,Intel Iris Xe Graphics,Shared system memory,Integrated Card,,,,,,,,,,Yes,,Home / Personal,,,"14.11"" x 9.25"" 0.75""",3 - 3.9 lbs.,,,,,,,,,,,,No,,,,,,,,,,,,,,,,,
"Refurbished Lenovo ThinkPad T14 Gen 1 14"" Laptop i5-10210U 16GB 512GB Win 11 Pro Black",https://www.newegg.com/lenovo-14-0/p/1TS-000E-19V15,$299.00,,,,,Free Shipping,,,,,,,,,,,,,,,,,,,,,,,,,,,,,,,,,,,,,,,,,,,,,,,,,,,,,,,,,,,,,,,,,,,,,,,,,,,,,,,
"Refurbished HP EliteBook 850 G8 15.6"" FHD Laptop Core i7-1185G7 3.00GHz 32 GB 512 GB SSD Windows 11 Pro",https://www.newegg.com/hp-elitebook-15-6-non-touch-screen-1-80ghz-intel-iris-xe-graphics-32gb-memory-512-gb-ssd/p/1TS-000D-1EBV5,$599.00,,,,,Free Shipping,,,,,,,,,,,,,,,,,,,,,,,,,,,,,,,,,,,,,,,,,,,,,,,,,,,,,,,,,,,,,,,,,,,,,,,,,,,,,,,
"Refurbished ASUS Vivobook (Copilot+ PC) - 16 Inch WUXGA (1920x1200) Laptop, Snapdragon X (X1 26 100) Processor, 16GB LPDDR5X RAM - 1TB SSD, Backlit Keyboard, Windows 11 Home - Silver (X1607QA-IS56)",https://www.newegg.com/asus-vivobook-16-0-wuxga-snapdragon-x-integrated-graphics-16gb-memory-1tb-ssd-silver/p/1TS-001A-0BSM5,$549.99,,,,,Free Shipping,,,,,,,,,,,,,,,,,,,,,,,,,,,,,,,,,,,,,,,,,,,,,,,,,,,,,,,,,,,,,,,,,,,,,,,,,,,,,,,
"Lenovo ThinkPad T14 Business AI Laptop, 14"" FHD+ Touchscreen, Intel Core Ultra 5 225U, 16GB DDR5, 512GB SSD, Fingerprint, Backlit Keyboard, 5MP Webcam, Wi-Fi 6E, HDMI, Windows 11 Pro, w/Hub Bundle",https://www.newegg.com/lenovo-thinkpad-14-0-fhd-intel-core-ultra-5-225u-intel-uhd-graphics-16gb-ddr5-memory-512gb-pcie-ssd-black/p/1TS-000E-1EAY1,"$1,289.00",,,,,Free Shipping,,,,,,,,,,,,,,,,,,,,,,,,,,,,,,,,,,,,,,,,,,,,,,,,,,,,,,,,,,,,,,,,,,,,,,,,,,,,,,,
"Lenovo Ideapad 1i 15.6"" FHD Touchscreen Business&Home Laptop, 13th Intel Core i5-1334U Upto 4.6GHz, 16GB RAM, 1TB PCle SSD, Windows 11 Home, Lifetime Microsoft Office License, Blue",https://www.newegg.com/lenovo-ideapad-15-0-fhd-touch-screen-16gb-memory-1-tb-ssd-blue/p/1TS-000E-1D8K0,$799.79,,,,,Free Shipping,,IdeaPad,,Windows 11 Home,,"15.6""",1920 x 1080,60 Hz,1TB,16GB,,,,,1 x HDMI,,Non-backlit,3-cell Lithium Ion,"August 20, 2025",Lenovo,,,Blue,,,,,Touch Screen,,FHD,,,,,,,,,,,,Internal Speakers,Yes,Yes,Standard,Home / Personal,Business,45-watt AC Adapter,,3 - 3.9 lbs.,,,,,,Integrated Sound card,3-in-13,Up to 10 Hours,,Standard,,,,,,,,,,,,,,,Lifetime Microsoft Office,,,,
"Dell Inspiron 3530 15.6"" FHD Laptop,Intel Core i7-1255U,Intel Iris Xe Graphics,16 GB RAM|512 GB SSD,Windows 11 Pro,Black",https://www.newegg.com/dell-inspiron-15-6-fhd-non-touch-screen-intel-iris-xe-graphics-16gb-memory-512-gb-ssd-black/p/1TS-000A-135A2,$839.79,,,,,Free Shipping,,Inspiron,,Windows 11 Pro,,"15.6""",1920 x 1080,,512GB,16GB,,Wi-Fi 6,Bluetooth 5.3,,,,,,"August 02, 2024",,,,Black,Intel Core i7 12th Gen,,,,Non-Touch Screen,,FHD,,Intel Iris Xe Graphics,,,,DDR4 2666,,,,,,,,,,Work / Business,,,,,,,,,,,,,,,,,,,,,,,,,,,,,,,,,
"Refurbished Dell Latitude 5590 15.6"" Full HD 1920 x 1080 Ultrabook - 8th Gen Intel QUAD Core i5-8350U 1.7GHz 32 GB RAM DDR4 1TB SSD Wi-Fi Bluetooth Windows 11 Pro",https://www.newegg.com/dell-5000-14-0-fhd-non-touch-screen-intel-core-i5-8350u-intel-uhd-graphics-620-32gb-memory-1-tb-ssd-black/p/1TS-000A-0PFU9,$399.00,,,,,Free Shipping,,5000,,Windows 11 Pro,Intel Core i5-8350U,"14.0""",1920 x 1080,,1TB,32GB,2,Wi-Fi 4 and earlier generation,Yes,"3x USB 3.1 Gen1 (one with PowerShare) , 1 x USB Type-C (DisplayPort)",1 x HDMI,,,,"October 12, 2022",DELL,Latitude,5590,Black,Intel Core i5 8th Gen,Quad-core Processor,6MB,,Non-Touch Screen,,FHD,IPS,Intel UHD Graphics 620,,Integrated Card,1TB SSD,DDR4,16 GB x 2,0.0,,1 x RJ-45 (1Gbps),"1 x Microphone Jack, 1 x Headphone Jack",,Yes,Yes,Ultrabook,Mainstream,Consumer,65-watt AC Adapter,,3 - 3.9 lbs.,,,,No,1 x Thunderbolt,Integrated Sound card,,,10/100/1000Mbps,Standard,,No,,1 x HDMI 1.4 - DisplayPort over USB Type-C(optional Thunderbolt 3(1),,,32 GB,,,,,,,,,,,,
"Refurbished Dell Latitude 5400 14"" 16GB RAM 512GB SSD Core I5-8365U 1.6GHz Windows 11 Pro, Black",https://www.newegg.com/dell-14-0-lcd-no-integrated-graphics-16gb-memory-512-gb-ssd-black/p/1TS-000A-14K46,$259.00,,,,,$19.99 Shipping,,,,Windows 11 Pro,,"14.0""",1366 x 768,,512GB,16GB,,,No,0,1 x HDMI,,Non-backlit,Lithium-Ion,"July 09, 2026",DELL,Latitude 5400,Latitude5400NFP-RB,Black,,Quad-core Processor,,6 MB,No,,LCD,,Integrated Graphics,,Integrated Card,512 GB PCIe NVMe Hard Drive,,,2.0,802.11,,Yes,,,No,Notebook,Work / Business,,,12.7 x 8.5 x 1,,,,,No,,,,,,Standard,,,,,,,32 GB,,,,,,,,,,,,
"Refurbished Apple MacBook Air 2020 13.3"" Laptop  Apple M1 Chip, 16GB RAM, 256GB SSD, macOS, Retina Display, Tou",https://www.newegg.com/apple-13-3-ips-no-integrated-graphics-16gb-memory-gray/p/2SN-0001-03C03,$499.99,,,,,Free Shipping,#93 in All Laptop,,,macOS 11 Big Sur,,"13.3""",2560 x 1600,,,16GB,,,,0,No,,Backlit,Lithium-Ion,"June 26, 2025",Apple,MacBook Air MGN63LL/A,MGN63LL/A-DR-RB,Gray,,8-core Processor,,12 MB,No,,IPS,,Integrated Graphics,,Integrated Card,256 GB SSD Hard Drive,,,2.0,802.11,,Yes,,,Yes,Notebook,Work / Business,,,11.97 x 8.36 x 0.63,,,,,No,,,,,,Standard,,,,,,,32 GB,,,,,,,,,,,,
"Lenovo V15 Gen 2 Business Laptop 15.6"" FHD Anti-Glare Display (Intel Celeron N4500, 32GB DDR4, 512GB PCIe SSD, Intel UHD Graphics, WiFi, HD Webcam, RJ-45, HDMI, English Keyboard (UK), Win 11 Home)",https://www.newegg.com/lenovo-v15-15-6-intel-uhd-graphics-32gb-memory-512-gb-ssd-black/p/1TS-000E-1DM11,$674.99,,,,,,,V15,,Windows 11 Home,,"15.6""",1920 x 1080,,512GB,32GB,,,Bluetooth 5.1,,1 x HDMI,,Non-backlit,,"November 26, 2025",Lenovo,,,Black,Intel Celeron,,,4MB Cache,No,,,,Intel UHD Graphics,,Integrated Card,512GB PCIe SSD,DDR4,,,802.11ac Wireless LAN,,1 x Headphone/Microphone Combo Jack,,,Yes,Standard,Work / Business,,,,,,,,No,,,No,,,Standard,,No,,,2.8 GHz,,,,,,,,,,,,,,
"KurieTim Gaming Laptop AMD Ryzen 7 5825U(2.0-4.5GHz), 15.6"" FHD Display, 32GB DDR4 RAM 1TB NVMe SSD Laptop Computer with Backlit KB, Fingerprint Unlock, Webcam Switch",https://www.newegg.com/kurietim-15-6-amd-radeon-graphics-amd-ryzen-7-5825u-fhd-1080p-32gb-memory-1-tb-ssd/p/2WC-007G-00002,$629.99,,,3.9,13.0,Free Shipping,,,,,,,,,,,,,,,,,,,,,,,,,,,,,,,,,,,,,,,,,,,,,,,,,,,,,,,,,,,,,,,,,,,,,,,,,,,,,,,
"Refurbished Lenovo ThinkPad X1 Carbon Gen 9 Laptop Intel Core i7-1185G7 16GB Memory 256GB SSD 14.0"" Touchscreen Windows 11 Pro",https://www.newegg.com/lenovo-thinkpad-14-0-touch-screen-intel-core-i7-1185g7-intel-iris-xe-graphics-16gb-memory-256gb-ssd/p/N82E16834840786,$876.35,,,3.8,5.0,Free Shipping,#11 in All Laptop,ThinkPad,,Windows 11 Pro,Intel Core i7-1185G7,"14.0""",1920 x 1200,,256GB,16GB,,Wi-Fi 6,Bluetooth 5.1,2 x USB 3.2 Gen 1,1 x HDMI 2.0,,,,"June 12, 2026",Lenovo,ThinkPad X1 Carbon,,,Intel Core i7 11th Gen,,,,Touch Screen,,,,Intel Iris Xe Graphics,,Integrated Card,,,,,802.11ax Wireless LAN,,,,,,,,,,,,,,,,2 x Thunderbolt 4,,,,,,,,,,,,,,,,,,,,,,,,
"MSI VenturePro 16 A2RWETG-038US 16"" Touchscreen Notebook - Intel Core 9  270H (2.70 GHz) - 32GB DDR5 - 1TB NVMe SSD - NVIDIA GeForce RTX 5060 GPU - Windows 11 Home - Wi-Fi 6E (VENPRO16A2038)",https://www.newegg.com/msi-16-0-geforce-rtx-5060-laptop-gpu-intel-core-9-270h-fhd-32gb-ddr5-memory-1tb-nvme-ssd/p/N82E16834156950,,"$1,549.00",,,,Free Shipping,#87 in All Laptop,,,Windows 11 Home,Intel Core 9 270H,"16.0""",1920 x 1200,,1TB NVMe,32GB DDR5,2,Wi-Fi 6E,Bluetooth 5.3,1 x USB 3.2 Gen 2 Type-C / 2 x USB 3.2 Gen 1 Type-A,1 x HDMI 2.1,,Backlit,4 cell (55Whr) Li-Polymer,"April 23, 2026",MSI,VenturePro 16 A2RWFTG-038US,VenturePro 16 A2RWFTG-038US,Solid Gray,Intel Core 9 Processors (Series 2),14-core (6P+8E) Processor,,24 MB,Touch Screen,Yes,FHD+,IPS,GeForce RTX 5060 Laptop GPU,8GB,Dedicated Card,,DDR5 5600,16 GB x 2,0.0,Intel WiFi 6E AX211 (2x2),1 x RJ-45 (2.5Gbps),1 x Headphone/Microphone Combo Jack,2 x 2W,Touchpad w/ Fingerprint support Windows Hello FIDO2,720p HD Webcam,Thin and Light,Gaming / Home / Personal / Mainstream,Consumer / Gaming / Home / Personal / Mainstream,120-watt AC Adapter,"14.15"" x 9.66"" x 0.91""",4.19 lbs.,,,,No,,"DTS Audio Processing, Noise Cancellation Pro, Spatial Array Microphone (3 Mic), Hi-Res Audio",,,10/100/1000Mbps,White backlight keyboard (99 Key),,,,,,,64 GB,,,Intel Core 9 270H,"16""",1TB NVMe SSD,,,,NVIDIA GeForce RTX 5060 Laptop GPU,Gigabit LAN and WLAN,,
"Dell 14 Plus Copilot+ PC Laptop DB14255, 14"" FHD+, AMD Ryzen 7, AMD Radeon Graphics, 32 GB RAM, 1TB SSD",https://www.newegg.com/dell-14/p/1TS-000A-15D04,"$1,769.99",,,,,,,Dell 14 Plus DB14255,,"Windows 11 Home, Copilot+ PC","AMD Ryzen™ AI 7 350 (50 TOPS NPU, 8 cores, up to 5.0 GHz Max Boost Clock)",14,,,,"32 GB: LPDDR5X, 7500 MT/s",,Wi-Fi 7,Bluetooth® wireless card,,,,,,"March 06, 2026",,dell-db14255-laptop,,Ice Blue,,,,,Non-Touch,,,,AMD Radeon™ Graphics,,,,,,,,,,,,Yes,,,,,,Starting weight: 3.35 lb (1.52 kg),"Laptop, AC Adapter, Power Cord, User Documentation",,,,,,,,,,,,,,,,,,,,,,,,,,,,
"Refurbished Lenovo Thinkpad T14 Gen 1 14"" Full HD 1920 x 1080 IPS Non-touch Ultrabook - 10th Gen Intel QUAD Core i7-10510U 1.8GHz  40 GB RAM DDR4 1TB SSD, Wi-Fi, Bluetooth, Webcam Windows 11 Pro",https://www.newegg.com/lenovo-thinkpad-14-0-fhd-non-touch-screen-intel-core-i7-10510u-intel-uhd-graphics-40gb-memory-1-tb-ssd-black-silver/p/1TS-000E-1BK44,$809.99,,,,,Free Shipping,,ThinkPad,,Windows 11 Pro,Intel Core i7-10510U,"14.0""",1920 x 1080,,1TB,40GB,1,Wi-Fi 5,Yes,,1 x HDMI,,,,"September 05, 2024",Lenovo,T14 Gen 1,20S0002NUS,Black / Silver,Intel Core i7 10th Gen,Quad-core Processor,,6 MB,Non-Touch Screen,,FHD,IPS,Intel UHD Graphics,Shared system memory,Integrated Card,"One drive, up to 1TB M.2 2242 SSD",DDR4 2666,8 GB onboard + 32 GB x 1,0.0,,1 x RJ-45,,Internal Speakers,Yes,Yes,Ultrabook,Work / Business,Business,45-watt AC Adapter,,3 - 3.9 lbs.,,,In-plane Switching (IPS) Technology,No,1 x Thunderbolt 3,Integrated Sound card,,,10/100/1000Mbps,Standard,,,,1 x HDMI,4.40 GHz,Optional,48 GB,,,,,,,,,,,Yes,
"Refurbished HP EliteBook 830 G8 Laptop Intel Core i7-1185G7 32GB RAM 256GB SSD 13.3"" FHD Touchscreen Windows 11 Pro",https://www.newegg.com/lt-hp830g8-i7-g11-32-256t-13-3-touch-screen-32gb-memory-256-gb-ssd-silver/p/1TS-000D-1N5X2,$399.99,$549.99,27%,,,Free Shipping,,EliteBook,,Windows 11 Pro,Intel Core i7-1185G7,"13.3""",1920 x 1080,,256GB,32GB,,,Yes,,1 x HDMI,,,,"October 18, 2024",HP,EliteBook 830 G8,LT-HP830G8/I7-G11-32-256T,Silver,Intel Core i7,,,,Touch Screen,,,,,,,,,,,,,,,,Yes,,Education / Everyday Value / Home / Personal / Mainstream / Work / Business,,with Adapter,,6.0000,,,,,,,,,,,,No,,,,,,,,,,,,,,,,,
"HP 2024 17t Business Professional Rose Gold Laptop, 17.3"" HD+ Touchscreen, Intel Core i5-1334U, 16GB RAM, 512GB SSD, Webcam, FP Reader, Backlit KB, HDMI, Wi-Fi 6, Windows 11 Pro",https://www.newegg.com/hp-essential-17-3-hd-touch-screen-intel-core-i5-1334u-intel-iris-xe-graphics-16gb-ddr4-memory-512gb-pcie-ssd-rose-gold/p/1TS-000D-1SPV9,$689.00,,,,,Free Shipping,,,,,,,,,,,,,,,,,,,,,,,,,,,,,,,,,,,,,,,,,,,,,,,,,,,,,,,,,,,,,,,,,,,,,,,,,,,,,,,
"HP 15.6"" FHD Laptop, AMD Ryzen 3 3250U - 8GB RAM - 512GB SSD - Windows 10 Home in S mode - Silver",https://www.newegg.com/hp-15-6-non-touch-screen-2-60ghz-amd-radeon-graphics-8gb-memory-512-gb-ssd-silver/p/1TS-000D-0P2B8,$354.00,,,,,Free Shipping,,,,Windows 10 in S mode,2.60GHz,"15.6""",,,512GB,8GB,,,,,,,,,"September 30, 2021",,,,Silver,AMD Ryzen 3 3000 Series,,,,Non-Touch Screen,,,,AMD Radeon Graphics,,,,,,,,,,,,,,Home / Personal,,,,,,,,,,,,,,,,No,,,,,,,,,,,,,,,,,
"MSI Modern 14"" FHD Laptop | Intel Core i7-1195G7 Processor | 16GB RAM | 512GB SSD | Intel Iris Xe Graphics | Backlit Keyboard | Windows 11 Home | Black | Bundle with Wireless Mouse",https://www.newegg.com/msi-14-0-non-touch-screen-intel-core-i7-1195g7-intel-iris-xe-graphics-16gb-memory-512-gb-ssd-black/p/1TS-0016-05526,$629.99,,,,,Free Shipping,,,,,,,,,,,,,,,,,,,,,,,,,,,,,,,,,,,,,,,,,,,,,,,,,,,,,,,,,,,,,,,,,,,,,,,,,,,,,,,
"ASUS Vivobook 15 Business Laptop, Intel Core 7 150U(>i7 1255U), 15.6"" FHD Touchscreen, 40GB DDR5 RAM, 2TB SSD, Fingerprint Reader for Secure Login, Backlit Keyboard, Windows 11 Home, Blue, PCO Bundle",https://www.newegg.com/asus-vivobook-15-6-fhd-touch-screen-intel-core-7-150u-intel-graphics-40gb-ddr5-memory-2tb-pcie-ssd-blue/p/1TS-001A-0BR84,"$1,479.00",,,,,Free Shipping,,,,,,,,,,,,,,,,,,,,,,,,,,,,,,,,,,,,,,,,,,,,,,,,,,,,,,,,,,,,,,,,,,,,,,,,,,,,,,,
"HP 15.6 Full HD Business&Home  Laptop - with Microsoft Office Lifetime License,13th Generation Intel core i3-N305 8-Core Processor 32GB RAM, 256 GB PCIe SSD Windows 11 Pro/Xtredura Flash Drive",https://www.newegg.com/hp-15-6-non-touch-screen-32gb-memory-256-gb-ssd-silver/p/1TS-000D-1T1A6,$669.79,,,,,Free Shipping,,,,,,,,,,,,,,,,,,,,,,,,,,,,,,,,,,,,,,,,,,,,,,,,,,,,,,,,,,,,,,,,,,,,,,,,,,,,,,,
"Dell Inspiron 15.6"" Full HD 1920 x 1080 TouchScreen Laptop, AMD Ryzen 7 7730U Processor,32GB RAM,512GB SSD, AMD Radeon Graphics,Wifi-AC,Windows 11 Pro",https://www.newegg.com/dell-inspiron-15-6-15-6-inch-fhd-wide-view-angle-anti-glare-60hz-220-nits-led-backlit-touch-narrow-border-display-touch-screen-amd-radeon-graphics-32gb-memory-512-gb-ssd-black/p/1TS-000A-13982,$779.79,,,,,Free Shipping,,Inspiron,,Windows 11 Pro,,"15.6""",1920 x 1080,,512GB,32GB,2,,5,"1 x USB 3.2, 1 x USB 2.0, 1 x USB Type-C 3.2",1 x HDMI,,No,"3-Cell, 41 WHr Lithium Ion Battery","December 16, 2025",DELL,3535,,Black,AMD Ryzen 7,8-core Processor,,16MB,Touch Screen,Yes,15.6 inch FHD (1920 x 1080) Wide View Angle Anti-Glare 60Hz 220-nits LED-Backlit Touch Narrow Border Display,,AMD Radeon Graphics,,Integrated,512GB SSD,DDR4,32GB DDR4,,Wifi-AC,,1 x Headphone/Microphone Combo Jack,Integrated Stereo Speakers,Yes,Integrated Widescreen HD Webcam with Dual Digital Microphone Array,Standard,Mainstream,Business,65W,14.11 x 9.27 x .70,4,"Laptop, Power Adapter, Power Cord",,15.6 inch FHD (1920 x 1080) Wide View Angle Anti-Glare 60Hz 220-nits LED-Backlit Touch Narrow Border Display,No,,,1x SD Media Card Reader,Up to 6 Hours,No,Full Size Keyboard with Numeric Keypad,,No,,HDMI,4.50GHz,,32 GB,,,,,,,,,,,,
"Exsurf 15.6"" Business Laptop, AMD Ryzen 3250C, 16GB DDR4 RAM 1TB NVMe SSD, Windows 11 Pro Laptop Computer, Backlight Keyboard, Fingerprint Reader, Silver",https://www.newegg.com/exsurf-15-6-non-touch-screen-amd-ryzen-3-3250c-amd-radeon-rx-vega-3-16gb-memory-1tb-nvme-ssd-silver/p/1TS-00TY-00011,$439.99,$649.99,32%,,,Free Shipping,#90 in All Laptop,,,Windows 11 Pro,AMD Ryzen 3 3250C,"15.6""",,60 Hz,1TB NVMe,16GB,2,Wi-Fi 6,Bluetooth 5.3,"1 x USB 3.0, 2 × USB 2.0",1 x HDMI,"1×Type C (charge+data+HDMI) , 1×Type C (charge+data), 1×3.5mm headphone jack, 1×MicroSD card  reader",Backlit,Lithium Ion,"June 02, 2026",Exsurf,,,Silver,AMD 3000 Series,,,,Non-Touch Screen,,,,AMD Radeon RX Vega 3,,,,,,1.0,dual-band WiFi 6 802.11 ax/ac/a/b/g/n/,,,Built-in stereo speakers 4R/2.0W x 2,Yes,Yes,,,,,14.17in x 10.83in x 0.71in,3 - 3.9 lbs.,,,,,,,,,,,,,,,,,64 GB,,,,,,,,,,,,
"Lenovo V15 G4 IRU - 15.6 Inch FHD (1920x1080) Non-Touchscreen Laptop, Intel Core i3-1315U, 16GB RAM - 512GB SSD, Intel Integrated Graphics, Windows 11 Home - Black (83A100PBUS)",https://www.newegg.com/lenovo-15-6-non-touch-screen-intel-core-i3-1315u-intel-uhd-graphics-16gb-memory-512gb-nvme-ssd-business-black/p/1TS-000E-1EC07,$518.99,,,,,Free Shipping,,,,,,,,,,,,,,,,,,,,,,,,,,,,,,,,,,,,,,,,,,,,,,,,,,,,,,,,,,,,,,,,,,,,,,,,,,,,,,,
"Dell Latitude 5510 Notebook, 15.6"" FHD Display, Intel Core i5-10210U Upto 4.2GHz, 16GB RAM, 500GB PCIe-NVMe, HDMI, DisplayPort via USB-C, Card Reader, Wi-Fi, Bluetooth, Windows 10 Pro",https://www.newegg.com/dell-latitude-15-6-fhd-non-touch-screen-1-60ghz-intel-uhd-graphics-16gb-memory-500-gb-ssd-dark-gray/p/1TS-000A-0MU06,"$1,299.99",,,,,Free Shipping,,Latitude,,Windows 10 Pro,1.60GHz,"15.6""",1920 x 1080,,500GB,16GB,,Wi-Fi 6,Bluetooth 5.0,"1x USB-C 3.2 Gen 2, 3x USB 3.1 Gen 1",,,,4-cell Lithium Ion,"March 01, 2022",DELL,5510,5510,Dark Gray,Intel Core i5 10th Gen,,,,Non-Touch Screen,,FHD,,Intel UHD Graphics,,,500GB PCIe SSD,DDR4,,,Wi-Fi 6,1 x RJ-45,1 x Headphone/Microphone Combo Jack,Integrated Stereo Speakers,Yes,No,,Work / Business,,65-watt AC Adapter,,,,,,No,,Integrated Sound card,3-in-1,,10/100/1000Mbps,Standard,,No,,"1x HDMI, 1x DisplayPort via USB-C",,,,,,,,,,,,,,Yes,
"Refurbished HP EliteBook 845 G8 14"" FHD AMD Ryzen 5 PRO 5650U 2.3 GHz up to 4.2 GHz 16 GB DDR4 256 GB SSD AMD Radeon Graphics Windows 11 Pro Laptop, Silver, Minor Scratches - 61H99UC-I001",https://www.newegg.com/hp-14-0-no-amd-radeon-graphics-16gb-memory-256-gb-ssd-silver/p/1TS-000D-1RM67,$248.99,,,,,Free Shipping,,,,,,,,,,,,,,,,,,,,,,,,,,,,,,,,,,,,,,,,,,,,,,,,,,,,,,,,,,,,,,,,,,,,,,,,,,,,,,,
"Refurbished Dell Inspiron 3520 Home & Business Laptop (Intel i5-1135G7 4-Core, 64GB RAM, 512GB PCIe SSD, Intel Iris Xe, 15.6"" 120 Hz Full HD (1920x1080), Wifi, Bluetooth, Webcam, Win 11 Pro) (Renewed)",https://www.newegg.com/dell-inspiron-3520-15-6-non-touch-screen-intel-iris-xe-graphics-64gb-memory-512-gb-ssd-black/p/1TS-000A-13FK7,$646.13,,,,,Free Shipping,,,,,,,,,,,,,,,,,,,,,,,,,,,,,,,,,,,,,,,,,,,,,,,,,,,,,,,,,,,,,,,,,,,,,,,,,,,,,,,
"Refurbished DELL Latitude 7410 Laptop Intel Core i7-10610U 16GB RAM 512 GB SSD Intel UHD Graphics 14.0"" FHD Windows 11 Pro",https://www.newegg.com/dell-latitude-14-fhd-non-touch-screen-intel-core-i7-10610u-intel-uhd-graphics-16gb-memory-512-gb-ssd/p/N82E16834833858,$249.00,,,3.0,1.0,Free Shipping,,Latitude,,Windows 11 Pro 64-bit,Intel Core i7-10610U,"14""",1920 x 1080,,512GB,16GB,,,,,,,,,"March 19, 2026",DELL,7410,,,Intel Core i7 10th Gen,Quad-core Processor,,8 MB,Non-Touch Screen,Yes,FHD,,Intel UHD Graphics,Shared system memory,Integrated Card,,,,,,,,,,,Standard,Work / Business,Business,,,,,,,No,,,,,,,,No,Comet Lake,,,,,,,,,,,,,,,,
"ASUS Vivobook 16 Business Laptop 16.0"" IPS WUXGA Display (AMD Ryzen 7 7730U, 24GB DDR4, 1TB PCIe SSD, AMD Radeon, Backlit KB, Fingerprint, WiFi 6E, Webcam, Bluetooth 5.3, Win 11 Pro)",https://www.newegg.com/asus-vivobook-16-16-0-non-touch-screen-amd-radeon-graphics-24gb-memory-1-tb-ssd-black/p/1TS-001A-0B333,$889.99,,,,,Free Shipping,,,,,,,,,,,,,,,,,,,,,,,,,,,,,,,,,,,,,,,,,,,,,,,,,,,,,,,,,,,,,,,,,,,,,,,,,,,,,,,
"HP Business Laptop 17.3"" IPS Full HD Intel Core i5-1335U Intel Iris Xe Graphics 16GB RAM 512GB SSD Fingerprint Reader Backlit Keyboard Long-Battery WiFi 6 Bluetooth 5.2 Webcam Windows 11 Pro Silver",https://www.newegg.com/hp-17-3-fhd-non-touch-screen-intel-core-i5-1335u-intel-iris-xe-graphics-16gb-memory-512-gb-ssd-silver/p/1TS-000D-1RPC3,$749.00,,,,,Free Shipping,,,AI Ready,Windows 11 Pro,Intel Core i5-1335U,"17.3""",1920 x 1080,60 Hz,512GB,16GB,,Wi-Fi 6,Bluetooth 5.2,1 x USB 3.1 Gen 1 Type-C,1 x HDMI,1x Headphone/Microphone combo jack (3.5mm),Backlit,,"September 30, 2025",HP,,,Silver,Intel Core i5 13th Gen,10-core Processor,12MB,,Non-Touch Screen,,FHD,IPS,Intel Iris Xe Graphics,,Integrated Card,,DDR4 3200,,,,,1 x Headphone/Microphone Combo Jack,Internal Speakers,,720p HD,Standard,Work / Business,Business,45-watt AC Adapter,,4 - 4.9 lbs.,,,,,,1x Headphone/Microphone combo jack (3.5mm),,,10/100/1000Mbps,Full size with Keyboard light,,No,,1 x HDMI,,,,Fingerprint reader,,,,,,,,,,,
"HP OmniBook X 17-dd0057nr 17.3 FHD touch Next Gen AI Laptop -Intel Core Ultra 7 256V Processor - NVIDIA GeForce RTX 4050 Graphics - 16GB DDR5 RAM,1 TB SSD - Win 11 Home",https://www.newegg.com/hp-17-3-fhd-touch-screen-intel-core-ultra-7-256v-geforce-rtx-4050-laptop-gpu-16gb-ddr5-memory-1tb-ssd-silver/p/1TS-000D-1SZ44,"$1,208.00","$1,216.00",,,,Free Shipping,,,,,,,,,,,,,,,,,,,,,,,,,,,,,,,,,,,,,,,,,,,,,,,,,,,,,,,,,,,,,,,,,,,,,,,,,,,,,,,
"Lenovo ThinkPad X1 Carbon Gen 12 Laptop, 14"" WUXGA Display, Intel Core Ultra 5 125U Upto 4.3GHz, 16GB RAM, 1TB SSD, Backlit keys, Fingerprint Reader, Windows 11 Pro",https://www.newegg.com/lenovo-thinkpad-14-0-wuxga-intel-uhd-graphics-16gb-memory-1-tb-ssd-black/p/1TS-000E-1E051,"$1,379.99",,,,,Free Shipping,,ThinkPad,,Windows 11 Pro,,"14.0""",1920 x 1200,,1 TB,16GB,0,Wi-Fi 6E,Bluetooth 5.3,4,1 x HDMI,,Backlit,3-cell Lithium Ion,"February 17, 2026",Lenovo,X1 Carbon Gen 12,21KDSN1V00,Black,Intel Core Ultra 5 (Series 1),12-core Processor,,,No,Yes,WUXGA,IPS,Intel UHD Graphics,,Integrated Card,1TB NVMe SSD,DDR5 6400,16 GB onboard,0.0,802.11ax Wireless LAN,,1 x Headphone/Microphone Combo Jack,Integrated Stereo Speakers,Yes,Yes,Thin and Light,Work / Business,,,8.45 x 12.31 x 0.59 in,2 - 2.9 lbs.,,,,No,1 x Thunderbolt 4,Integrated Sound card,,Up to 10 Hours,,Standard,,No,,"1 x HDMI, Thunderbolt",4.3GHz,12MB,16 GB,Fingerprint reader,,,,,,,,,,,
"Refurbished HP 640 G8 Laptop Intel Core i5-1135G7 16GB Memory 256GB SSD Intel Iris Xe Graphics 14""   Windows 11Pro 64bit",https://www.newegg.com/hp-14-0-non-touch-screen-intel-core-i5-1135g7-intel-iris-xe-graphics-16gb-memory-256-gb-ssd-silver/p/N82E16834818023,$399.99,,,,,Free Shipping,,,,Windows 11 Pro 64-bit,Intel Core i5-1135G7,"14.0""",1366 x 768,,256GB,16GB,,,,1 x USB 3.1 Gen 2 Type-C / 2 x USB 3.1 Gen 1 Type-A,1 x HDMI,,,,"September 26, 2024",HP,640 G8,J5-640G8A03,Silver,Intel Core i5 11th Gen,Quad-core Processor,,,Non-Touch Screen,Yes,,,Intel Iris Xe Graphics,Shared system memory,Integrated Card,,,,,,1 x RJ-45,1 x Headphone/Microphone Combo Jack,,,,Standard,Work / Business,Business,,,,,,,No,,,,,,,Grade A (Excellent),,,,,,,,,,,,,,,,,,
"Dell Inspiron 3530 15.6"" FHD Touch Laptop,Intel Core i7-1355U,Intel Iris Xe Graphics,Wi-Fi6 and Bluetooth 5.3,16 GB RAM|512 GB SSD,Windows11 Home,Carbon Black",https://www.newegg.com/dell-15-6-fhd-touch-screen-intel-core-i7-1355u-intel-iris-xe-graphics-16gb-memory-512-gb-ssd-black/p/1TS-000A-104R7,$799.99,,,,,Free Shipping,,,,Windows 11 Home,Intel Core i7-1355U,"15.6""",1920 x 1080,,512GB,16GB,,Wi-Fi 6,Bluetooth 5.3,,,,Non-backlit,3-cell Lithium Ion,"March 12, 2025",,Inspiron i3530,,Black,Intel Core i7 13th Gen,,,,Touch Screen,,FHD,,Intel Iris Xe Graphics,,,,DDR4 2666,,,,,,,,,,Home / Personal,,45-watt AC Adapter,,,,,,,,,,,,,,No,,,,,,,,,,,,,,,,,
"Refurbished Dell Latitude 5430 Laptop Intel Core i7-1255U 16GB RAM 256 SSD 14.0"" FHD Touchscreen Windows 11 Pro",https://www.newegg.com/dell-latitude-14-0-fhd-touch-screen-intel-core-i7-1255u-intel-iris-xe-graphics-16gb-ddr4-memory-256gb-nvme-ssd-gray/p/N82E16834817602,$324.99,$499.99,35%,1.0,1.0,Free Shipping,#34 in All Laptop,Latitude,,Windows 11 Pro,Intel Core i7-1255U,"14.0""",1920 x 1080,,256GB NVMe,16GB DDR4,,,,2 x USB 3.2 Gen 1 Type-A,1 x HDMI 2.0,"1 x Memory Card Reader, 1 x Smart Card Reader, 1 x Global Headset Jack",Backlit,,"April 01, 2026",DELL,5430,LT-DE5430/i7-G12-16-256TS,Gray,Intel Core i7 12th Gen,10-core (2P+8E) Processor,,12 MB,Touch Screen,Yes,FHD,,Intel Iris Xe Graphics,Shared system memory,Integrated Card,,DDR4 3200,,,,1 x RJ-45,,,,Yes,Thin and Light,Mainstream / Work / Business,Business,,12.65'' x 8.35'' x 0.76'',3.01 lbs.,,,"Anti-glare, LED Backlight Narrow Border WVA Display, 300 nits",,2 x Thunderbolt 4,,,,,Backlit Keyboard,,No,Alder Lake,,,,,,,,,,,,,,,,
"Refurbished Lenovo IdeaPad 5 2-in-1 AMD Ryzen AI 7 350 16GB RAM 1TB SSD AMD Radeon 860M 14"" Touchscreen Windows 11 Home",https://www.newegg.com/lenovo-14/p/1TS-000E-1DPR8,$649.00,,,,,Free Shipping,,,,,,,,,,,,,,,,,,,,,,,,,,,,,,,,,,,,,,,,,,,,,,,,,,,,,,,,,,,,,,,,,,,,,,,,,,,,,,,
"Lenovo - Flex 5i 15.6"" FHD Touch-Screen Laptop - Core i5-1135G7 - 8GB Memory - 256GB SSD - Graphite Grey (82HT00CQUS)",https://www.newegg.com/lenovo-15-6/p/1TS-000E-106Z0,$559.99,,,,,Free Shipping,,,,,,,,,,,,,,,,,,,,,,,,,,,,,,,,,,,,,,,,,,,,,,,,,,,,,,,,,,,,,,,,,,,,,,,,,,,,,,,
"HP ProBook 450 G10 Business Laptop (15.6"" FHD Anti-Glare, Intel 10-Core i5-1334U, 16GB RAM, 512GB SSD, (Beats i7-1255U)) Backlit KB, Webcam, Ethernet, Wi-Fi 6E, Win 11 Pro w/ AI Copilot, Silver",https://www.newegg.com/hp-15-6/p/1TS-000D-1NVB5,$999.99,,,,,Free Shipping,,,,,,"15.6""",,,,,,,,,,,,,"January 22, 2025",,,,,,,,,,,,,,,,,,,,,,,,,,,,,,,,,,,,,,,,,,,,,,,,,,,,,,,,,,,,
"Refurbished Apple MacBook Pro Laptop Core i7 2.5GHz 16GB RAM 512GB SSD 15"" - MJLT2LL/A (2015) - Excellent Condition",https://www.newegg.com/apple-15-4-16gb-memory-512-gb-ssd-silver/p/2SN-0001-039G7,$264.97,,,,,,,,,,,,,,,,,,,,,,,,,,,,,,,,,,,,,,,,,,,,,,,,,,,,,,,,,,,,,,,,,,,,,,,,,,,,,,,,,,,,
"Lenovo V15 Business Laptop - 15.6"" Full HD,Intel Core i5-13420H,16GB DDR4,512GB SSD,Intel UHD Graphics, Windows 11 Pro",https://www.newegg.com/lenovo-v15-g4-15-6-full-hd-anti-glare-intel-uhd-graphics-16gb-memory-512-gb-ssd-grey/p/1TS-000E-1D3J3,$679.00,,,,,Free Shipping,,,,,,,,,,,,,,,,,,,,,,,,,,,,,,,,,,,,,,,,,,,,,,,,,,,,,,,,,,,,,,,,,,,,,,,,,,,,,,,
"Lenovo V15 G4 15.6"" FHD Business Laptop,Intel Core i5-13420H(up to 4.6 GHz),16GB RAM,512GB NVMe SSD,Windows 11 Pro,Black",https://www.newegg.com/lenovo-15-6-full-hd-intel-core-i5-13420h-intel-uhd-graphics-16gb-memory-512-gb-pcie-ssd/p/1TS-000E-1CPU7,$679.00,,,,,Free Shipping,,,,Windows 11 Pro,Intel Core i5-13420H,"15.6""",1920 x 1080,,512GB PCIe,16GB,,Wi-Fi 5,Bluetooth 5.1,,,,,3-cell Lithium Ion,"June 27, 2025",,,,,Intel Core i5 13th Gen,,,,,,Full HD,,Intel UHD Graphics,,,,,,,,,,,,,,Work / Business,,65-watt AC Adapter,,,,,,,,,,Up to 9 Hours,,,,,,,,,,,,,,,,,,,,,
"Refurbished Dell Latitude 7420 Business Laptop, 14.0"" FHD (1920x1080) Non-Touch, 11th Gen Intel Core i7-1185G7, 16GB RAM, 512GB SSD, Windows 11 Pro",https://www.newegg.com/dell-14-0-touch-screen-integrated-graphics-16gb-memory-512-gb-ssd-black/p/1TS-000A-128K4,$349.00,,,,,Free Shipping,#63 in All Laptop,,,Windows 11 Pro,,"14.0""",1920 x 1080,,512GB,16GB,,,Yes,,,,,,"February 23, 2025",DELL,Dell Latitude 7420,,Black,Intel Core i7 11th Gen,,,,Touch Screen,,,,Integrated Graphics,,Integrated Card,,DDR4 1866,,,802.11ac Wireless LAN,,,,Yes,,,Mainstream,,,,,,,,,,,,,,,,,,,,,,,,,,,,,,,,,
"Acer Aspire 14"" AI Copilot+ PC  Intel Core Ultra 9 processor 288V  WUXGA (1920 x 1200) Touchscreen  32GB RAM - 1TB SSD- Windows 11 Home - Steel Gray",https://www.newegg.com/acer-america-aspire-14-0-wuxga-touch-screen-32gb-memory-1-tb-ssd-steel-gray/p/1TS-000X-063J6,"$1,019.99",,,,,,,Aspire,Copilot+ PC,Windows 11 Home,,"14.0""",1920 x 1200,,1TB,32GB,,Wi-Fi 6E,Bluetooth 5.3,,,,Backlit,,"January 26, 2026",Acer,,,Steel Gray,Intel Core Ultra 9 (Series 1),,,,Touch Screen,,WUXGA,IPS,,,,"One drive, up to 1TB M.2 2242 SSD",,32 GB x 1,,802.11ax Wireless LAN,,,,,1080p FHD,,,,,,,,,In-plane Switching (IPS) Technology,,,,,,,,,,,,,,,,,,,,,,,,,,
"HP EliteBook 645 G11 Laptop, 14"" WUXGA Display, AMD Ryzen 7 7735U Upto 4.7GHz, 16GB RAM, 512GB SSD, Backlit keys, Fingerprint Reader, Windows 11 Pro (A6TR0UT#ABA)",https://www.newegg.com/hp-elitebook-14-0-wuxga-not-found-16gb-memory-512-gb-ssd-silver/p/1TS-000D-1T3B5,"$1,149.99",,,,,Free Shipping,,EliteBook,,Windows 11 Pro,,"14.0""",1920 x 1200,,512 GB,16GB,2,Wi-Fi 6E,Bluetooth 5.3,4,1 x HDMI,,Backlit,3-cell Lithium Ion,"July 09, 2026",HP,645 G11,A6TR0UT#ABA,Silver,AMD Ryzen 7 7000 Series,8-core Processor,4MB,16 MB,No,Yes,WUXGA,IPS,Not found,,Integrated Card,512GB NVMe SSD,DDR5 4800,16 GB x 1,1.0,802.11ax Wireless LAN,1 x RJ-45 (1Gbps),1 x Headphone/Microphone Combo Jack,Integrated Stereo Speakers,Yes,Yes,Standard,Work / Business,,,8.83 x 12.54 x 0.66 in,3 - 3.9 lbs.,,,,No,,Integrated Sound card,,Up to 10 Hours,10/100/1000Mbps,Standard,,No,,1 x HDMI,4.7GHz,,64 GB,Fingerprint reader,,,,,,,,,,,
"Refurbished Dell Latitude 5430 Laptop Intel Core i7-1255U 32GB Memory 256GB SSD  14.0"" FHD Windows 11 Pro",https://www.newegg.com/dell-lt-de5430-i7-g12-32-256-14-no-32gb-memory-256-gb-ssd-gray/p/1TS-000A-15BF4,$409.99,$499.99,18%,1.0,1.0,Free Shipping,,LT-DE5430/i7-G12-32-256,,Windows 11 Pro,,"14""",,,256 GB,32GB,,,,,,,,,"February 25, 2026",DELL,Latitude 5430-RB1,LT-DE5430/i7-G12-32-256,Gray,Intel Core i7,,,,NO,,,,,,,,,,,,,,,,,,Everyday Value,,,,3.0100,,,,,,,,,,,,No,,,,,,,,,,,,,,,,,
"Dell Pro 14 Essential 14"" PV14255 Notebook - AMD Ryzen 5 220 - 16GB DDR5 - 512GB SSD -AMD Radeon Graphics - Windows 11 Pro - Wi-Fi 6 (386V4)",https://www.newegg.com/dell-pro-14-essential-14-0-fhd-non-touch-screen-amd-ryzen-5-220-amd-radeon-graphics-16gb-memory-512-gb-ssd-carbon-black/p/N82E16834817438,"$1,081.99",,,,,Free Shipping,,Pro 14 Essential,,Windows 11 Pro,AMD Ryzen 5 220,"14.0""",1920 x 1080,,512GB,16GB DDR5,,Wi-Fi 6,Yes,,,,,,"November 17, 2025",DELL,PV14255,386V4,Carbon Black,AMD Ryzen 5,6-core Processor,,,Non-Touch Screen,,FHD+,IPS,AMD Radeon Graphics,,,,DDR5 5600,,,802.11ax Wireless LAN,,,,,,,,,,,,Pro 14 Essential PV14255AC AdapterPower CordDocumentation,,,,,,,,,,,,,,4.9 GHz,,,,,,,,,,,,,,
"Refurbished Dell Precision 3561 Laptop Intel Core i7-11800H 2.30 GHz 32GB RAM 512GB SSD NVIDIA T1200 15.6"" FHD Windows 11 Pro",https://www.newegg.com/dell-lt-dem3561-i7-g11-32-512-15-6-non-touch-screen-intel-core-i7-11800h-nvidia-t600-32gb-memory-512-gb-ssd-silver/p/1TS-000A-13EA3,$529.99,,,,,Free Shipping,#85 in All Laptop,LT-DEM3561/i7-G11-32-512,,Windows 11 Pro,Intel Core i7-11800H,"15.6""",,,512GB,32GB,,,,,,,,,"September 09, 2024",DELL,Precision 3561-RB,LT-DEM3561/i7-G11-32-512,Silver,Intel Core i7 11th Gen,,,,Non-Touch Screen,,,,NVIDIA T1200,,,,,,,,,,,,,,Everyday Value,,,,4.0900,,,,,,,,,,,,No,,,,,,,,,,,,,,,,,
"ASUS Vivobook S 16"" 3K OLED Intel Core Ultra 7 255H - 32GB RAM - 1TB SSD Windows 11 Home (S5606CA-NS79)",https://www.newegg.com/asus-vivobook-16-2880x1800-oled-intel-core-ultra-7-255h-intel-arc-graphics-gpu-32-gb-memory-1-tb-pcie-g4-ssd-no-hdd-hdd-black/p/N82E16834236727,"$1,299.99","$1,599.99",18%,4.5,11.0,Free Shipping,#3 in All Laptop,VivoBook S16,AI Ready,Windows 11 Home,Intel Core Ultra 7 255H,"16""",2880 x 1800,120 Hz,1TB PCIe,32GB LPDDR5X 7500,,Wi-Fi 7,Bluetooth 5.4,2 x USB 3.2 Gen 1 Type-A,1 x HDMI 2.1,,Backlit Chiclet Keyboard 1-Zone RGB with Num-key,"75WHrs, 4S1P, 4-cell Li-ion","October 29, 2025",ASUS,S5606CA-NS79,90NB1553-M008D0,Neutral Black,Intel Core Ultra 7 (Series 2),16-core (6P+8E+2LPE) Processor,,24 MB,Non-Touch Screen,Yes,WQXGA+,OLED,Intel Arc Graphics,Shared system memory,Integrated Card,1 TB PCIE G4 SSD,,,,802.11be Wireless LAN,,1 x 3.5mm Combo Audio Jack,Built-in speaker,Precision touchpad,FHD camera with IR function to support Windows Hello,Thin and Light,Gaming / Mainstream,Consumer,65-watt AC Adapter,"13.92"" x 9.72"" x 0.55""-0.63""",3.31 lbs.,,"Up to 13, Intel AI Boost NPU up to 13TOPS",DCI-P3:100%Bend+400nits(HDR)Glare,No,2 x Thunderbolt 4 with support for display / power delivery (data speed up to 40Gbps),Smart Amp TechnologyBuilt-in microphoneBuilt-in array microphone,Micro SD,Up to 16 Hours,,,,,,,,,,,,,,,,,,,,,
"HP OmniBook 5 16-fb0037nr Laptop - 16"" 2K OLED touchscreen - Snapdragon X Plus Processor - AI Assistant - 32GB RAM,1TB SSD - Win 11 Home",https://www.newegg.com/hp-16-0-qualcomm-snapdragon-x-plus-x1p-42-100-qualcomm-adreno-gpu-32gb-ddr5-memory-1tb-ssd/p/1TS-000D-1SUB1,$949.99,,,,,Free Shipping,,,,,,,,,,,,,,,,,,,,,,,,,,,,,,,,,,,,,,,,,,,,,,,,,,,,,,,,,,,,,,,,,,,,,,,,,,,,,,,
"Chheart 2026 Flagship 15.6"" Gaming Laptop | AMD Ryzen 7 6800H | 32GB DDR5 RAM | 1TB NVMe SSD | 8C/16T Up to 4.7GHz | Wins 11 Pro | Backlit Keyboard Fingerprint | Lightweight 3.5lb | 2-Year Warranty",https://www.newegg.com/chheart-15-6-in-32gb-memory-1-tb-ssd/p/2WC-007T-00001,$899.99,,,,,Free Shipping,,,,,,15.6 in,FHD 1920*1080,,1 TB,32GB,,,,,,,Backlit,,"July 06, 2026",Chheart,,,,,,,,,,,,,,,1 TB,,,,,,,,,No,,Standard,,,,3.53 lb,,,,,,,,6 h,,Backlit Keyboard,,,,,,,,,2026.0,,15.6 in,1 TB,,,,,,,No
